container_id	path	target_sha256	donor_sha256
battlegauge	BATTLEGAUGE.CCS	36638ADE2A944D3DC9DAB34C3C95F50221179DFFE817855403D2B792B833B715	BD59219327F1451070AD70DD8139708151B2E2F47C444548EE452FCED7F9F831
charsel1	CHARSEL1.CCS	7700060A62A55F28036DDD4E401C79DAEDAA14BFDE5556DC7C805681035B83E9	B9B222AB1B880B673633EA5317A2FCDC3F9D85A732B30A38F0CB2FFCF49934AC
continue	CONTINUE.CCS	14A0FE207AA319776CB8734E91C0D16799517F255E069BDFE863CAFC8FAAF85E	3A2923658B47D72537E79AE825CB2F87F57D26287C4C02F866B62DAB006CB815
enddemo	3EYE/ENDDEMO.CCS	FB9DAF4CE604B0986F2D2F66D6E61EA61B96AE5A1192DF125D672E9F806C4E7E	8819196236C61D6CC95AABF602451EEC4869B15710A3B6372E0373252AFC2252
gauge	CMN/GAUGE.CCS	92D76FBBD28197FCDFFCC1F072AE0B2BFB0504B098A2B0F0A8553FBEC6040C52	59D46A0ECA679577A2B8C6EFA6621E543A7247B54C54DC86879C5A339E7C921C
home	HOME.CCS	B15B5B6608A798FF69DB92821C429E65D7D774BD7D5B0A16FED17C33679031F9	B57A66576A1ED00AA007270632FF9F04BABACBC1493D7169D3FAA1F1BCAE57CB
loading_spload	LOADING/SPLOAD.CCS	634F100C333225F97F7B7D658AFA1A801C39ED0917C0488D4D9997267B7EB64F	3AB0F5BAE415289F18CD8D52D903073D7268668E9BE0541B7DF795B6F3269A91
mapsel1	MAPSEL1.CCS	EDB9F517C6B6526A72E1E6C5A96C9EF4770010769E6C057C0E6B4069816EFAC6	3AF9CD49698AC646E651C885311CDCA0656CE04CE4C02EB284112217203F3123
mode1_ank	3EYE/3ANK3PCT.CCS	AC08F469EFA4B7C8B308A721BC5DF34D303160BF81B3EA80B131BFEA6E7981B6	8A4E5062A33D893C7756EF54CAC679C91CA2C90955BF80EAC8FD341926EBB248
mode1_asw	3EYE/3ASW3PCT.CCS	9243906440FAE900F33E504AC95D11BE53799E78CFBE6A051B8B2ACEC36977C3	A60A3B3B0DE98C1A2C3C5AD7E126AE4E4EB988D3DB7F8E3B551F78592976E2F4
mode1_chy	3EYE/3CHY3PCT.CCS	56DECDA64A1A808629640CA2463DB0E83BBD16ED91DEB199CFB3FDF80289397B	C6C5CA6833B538434AA3FD1498CB04F7FADF798AEFBD814F96F534579896BF5D
mode1_cyb	3EYE/3CYB3PCT.CCS	9DEF13A1EA4737A7BDCA1E2DDFB9BF8117FB0AFB0BF1BA76240AFF65C83ABCA6	9228174D808DC4B6E579828CD755643220B093703090EB1306183A02E40C2F83
mode1_ddr	3EYE/3DDR3PCT.CCS	C8B35D7B424B5BD8090473C78D6AF4F9E3576553A20C71F9BA9A855859EBA930	FC5B2CFB605B34D76A070473D085EBC7E8D6AFFF01CAD22F2C5216D836B88558
mode1_fir	3EYE/3FIR3PCT.CCS	0B13F07D7A54CD939AE2AFFFC790AC23FB6CF93918B2B52A8D06EE24375EFE9E	39B54E487CF01E5445FFFAAAA637702F5FAB9122907DD59556E07881D41334F6
mode1_fou	3EYE/3FOU3PCT.CCS	AD72F25CBDCFE0DD5CC6AABFC2DE2E054A8BA40A28B3EDBF104084812A6C5445	7F4460C8CFB7A0D02B4CE11BC214D3EC6DE5167DAFDFD7430330286CADEE29C4
mode1_gar	3EYE/3GAR3PCT.CCS	4308DB8CF5EE1194B5F8792D17CF799BA60B9ED17070F3D6B0E2E98D5ADFDA78	30B018362D64354AE1C8CAFCED6E91D0C3BA5F1DF367BB80304AF0F29F2F75B2
mode1_gav	3EYE/3GAV3PCT.CCS	FB195CFCAA74A1322F3E73228AA1E3B0DA1FEE4E9ECBDB8D5BE98CDA7E38DD65	A84812A5E8315281A746CFD264815485591CD4E266CE57B2675EDE29FA9CF6D9
mode1_gaw	3EYE/3GAW3PCT.CCS	73A15D313231E55C514956430A4BCABB6CEABAB178DA24F228DDF6C70D1688D4	4FD6A1D933EED9276915B97EC68CD46904260C7902EEEFBC0597BCFEB80AC88E
mode1_guw	3EYE/3GUW3PCT.CCS	A6EC5BD82605F0DB4E73D52B11803A2C7F4E3E157E15D126CC396AE7BB94A285	0CDB568F22C03261841BBE12759BAD64A3BD092AEEF615D9597D547FEEDE4560
mode1_hak	3EYE/3HAK3PCT.CCS	3E8D2824415B78D08363B3A28C8354ADDBA99D17DA96C00CECAB83D7263349D9	9C1622B53B098EDC6F38435A858B12BE2833666F8043252A0A56617B3E7036F2
mode1_hkg	3EYE/3HKG3PCT.CCS	F9933106243C2EE0E2D45FC65C11C4ACF69DAA98EA1AA380F9E1342A817B3F03	7A27B9488A683392905B315377FD4067490921DFAFE4F618CE66ED53E029DFBD
mode1_hnb	3EYE/3HNB3PCT.CCS	7559079C51E3366021D747535C505695FD7FEF1506CDA7A3AB4538DF3DECC616	F222CABDF48EEEDD32C7EA512A77C345D2EA9C420C14BC4946B22746ED5488AB
mode1_hnt	3EYE/3HNT3PCT.CCS	33330D2D69A12A39AC8EAA436D3306337778DCB5A657497470242A13210391BC	3DCDAEAE4CADE4EB63E1F7FDCFC544CEB3B39F281A4DABE6F2576047C160A059
mode1_hnw	3EYE/3HNW3PCT.CCS	FCDB4C785EFDEC08372507AD05F801F5175E8F76F83BF84C80F7FC053A90E36C	3ECE7BC158CF0DE0569B1BD32487885A0D60E5A13D3430747847DCFFA0679FF3
mode1_ino	3EYE/3INO3PCT.CCS	E8C83E7D3B120F72AF46975DA2C750B829D770A01E820E8EE305A3FEF872475C	2257773749114809F01BF939BF3864C3D5DA00FC3A910EBD4C1B218683164497
mode1_inw	3EYE/3INW3PCT.CCS	DD66716AD665119AB7B7C5D2730FC387602E6D7EE2544F0C2622BFD845F4FA9E	DB340B57208DCF533648756A9B6EA0F7A989D685866890732B20E99488B9CAC5
mode1_itw	3EYE/3ITW3PCT.CCS	946EB0FFC55F851617805AA3417F7388F721800CCB476AF27C05FAA9E1524A38	8B5A5DEF95FBEA65D0B49AAB363B3B8905F6872F7D65B224A1AD4FE591FD1D7C
mode1_jrb	3EYE/3JRB3PCT.CCS	55D0B41A33C216131DCD4CC8DC1425BBAF69C21626FA88C90F1886E24C6AFA71	C5326E1C2DDD9B85B02E7EF5C4FB2D0F8853B748172D69A73A4B2B237D7BEFB2
mode1_jrv	3EYE/3JRV3PCT.CCS	808DDCB16734ABA20DCAA472865B09D1B55BCC0F45DA9A4BF2354435C223D48E	23100D50533E9E8C6B23EC98B6D510D2A4CD3BEC03E5B4AB35316433F7DDF096
mode1_jrw	3EYE/3JRW3PCT.CCS	396C043C9C644BFC08D7EF9DD520434C8AD14855DCE8C496192D760FC3985F7B	0250EF86D2078ECDC4B0EA6F98F4E526BCAB8657E28A37B9AEAF9FD90E15405D
mode1_kbw	3EYE/3KBW3PCT.CCS	2502B49DD2000298497E1EBD7C4662053EDEA2D1F2F46CAB9A2CF6DAA0F55086	6C41912CBE1872E9B0A55676C51032B37AD8E04D2A079C5A8C2694E277B68814
mode1_kdm	3EYE/3KDM3PCT.CCS	66ED96B35F830256D3906B15970C8691A642480E68EECF652986CB0AFEC5269E	12771C164F65B9EFB94D96A7879EB2DCE9D77EE427879B112FE80DF19F91DC24
mode1_kdv	3EYE/3KDV3PCT.CCS	626C5983A14F32BDE3C7389C36DD401A7B3BFBE5B5A39963F7EFE39C7962B789	DE5E9838E5845C2CEF670A62A436C24EF2E9F0F047D38F408A00D3E761A44AA6
mode1_khm	3EYE/3KHM3PCT.CCS	867AD9152E53EC93330FC17C97499757E9F82191D0125C6DB2EE49B66F12B057	BAD215FC3450DC01C1FA68FDBF9ED8908C8FF2852E81241028A489471A569820
mode1_kib	3EYE/3KIB3PCT.CCS	28E1239E02F8FBC08990FFE41CD499469073A19D2DBB115DCF88546110847CFF	B39BEE7DE3A0BCA16225BAAFF37891204B4B588153D7838AE1F9AB4091975285
mode1_kiw	3EYE/3KIW3PCT.CCS	EADCA785E40DCEE22AC88609611FDB809F70AA686E602F8DD9D7C3EBF30B57CA	D66EABC8FB21DD2615EEF4C3740C8FE0B069424A9E69D35C2834C9DCAC8B8155
mode1_kkw	3EYE/3KKW3PCT.CCS	EC579FAFB6086BC63B597176B6636ADAF937ED55FA5FB93DD3AB0E41047D6D12	AA998ED9AA8D50C5FADCC024830F2881E312634174B99FBAC861B091259BC955
mode1_kmm	3EYE/3KMM3PCT.CCS	1957BE22FF40917428A2B3FAE59ABEF0762D96A612848DDA748434B7C21106E0	ACCE0661C6586B85FF6F192F8C7C35E673B2A5745B84243EDD6A1D5F57D6E0B0
mode1_kmv	3EYE/3KMV3PCT.CCS	A97F802A41636F4916D8DC77FF2E8A391894E9C7DE069815787855280B37E867	CA36033837ED3E58A861B8CD54C717D9223B1396A153ED6E04E4B86FA3804116
mode1_knk	3EYE/3KNK3PCT.CCS	E5D5B106372011EAF4294DFBD2B9CE44268899C9C6CB082511C87E264950C70E	634F655E2DBCBC318CED075996D843A19AAF8A699B3C7833EB173227B108234E
mode1_knw	3EYE/3KNW3PCT.CCS	73381C18B94107C350E970EFAA33C958E176A118452D27176B321F67E78C3EC9	0A080E51C337D835611F0FAC5AF8A8EB9020286371E91527838B7ACDDB1A04A2
mode1_krw	3EYE/3KRW3PCT.CCS	6FEA8FBBCD394CA4B00A5F4357D0A5B8A79942EC8FC1ED35E8D1AE7C5108D4D1	88626FA36BA39AFD2E27C5CAFECE8729500AC5CC1D499CE0E350EACD7267A6D3
mode1_ksw	3EYE/3KSW3PCT.CCS	B6DBB1E1A9B605DA0BCB332D880DB3155041DCD733201A16BED1AAF9DD05E5E8	8A72EFEBC509D3945F56FE80151748298AD182006AFC07FF5C513092357B6746
mode1_nej	3EYE/3NEJ3PCT.CCS	6F9B5A56B01CE6B9EBBD43D24BF9E5367E31EA8B80C49C039A73386C1533A3E5	1CAC4DB0360CA5A7CCB0C341712CFEBE2A8490EFE099EDE1AB3E61F545D82414
mode1_new	3EYE/3NEW3PCT.CCS	82216D3C14C00D9CCC280D3E81DCA2DF3F5869C0616EC24BAF6AB63D8D7B621F	8805425E98BDAB2EEA7B735C926DF27907D70E2DCB954412D32B88A65C77118D
mode1_nrt	3EYE/3NRT3PCT.CCS	6E47097952353E937DFFBE42CA7196A347BC69DBF1EAB43D23BF3AA639F5769B	064A24179640DDC3265F27C722B44CF8D936F69A0BB0FB34258150BCAD50BB34
mode1_nrv	3EYE/3NRV3PCT.CCS	4E7EBA376EB4B2FD6417CA6F8268644255F78C38EEF25E00B329AD1DA15272F5	E2E31BBA3E6F49CC3E46722AD015FB1C9242585AFBE8FB04D45C21B443E4A0EB
mode1_nrw	3EYE/3NRW3PCT.CCS	84AEC26C3F055E7FB8B66154446099E776B623A89692B24998B0C6A08BB680C0	9BE76566A526679315B2E69CF102D8C7BAFE6D2CC6CBE462B12B3A542916077B
mode1_nwv	3EYE/3NWV3PCT.CCS	27EDFB50060D1E135EBA0DCF72FB9F82CF34C51CB8ADA0F9DC686891CF030221	FCCD652508D71F4788576F50F8DA16ABEB6D7640E1FBD358B6CA67AB4D93A7C0
mode1_orw	3EYE/3ORW3PCT.CCS	B9C5626FC31A0460042B71232CE8E99BF04FB825B28E346C55FCD5F6C1A35713	38A3082674130133A971B8F4992679210529B3330288D30F75A21EFED43C5C5D
mode1_roc	3EYE/3ROC3PCT.CCS	C0FE3A3089483601F5B6274C046BF3ABDC08413B758FE258D3891CC6BA8C8E85	7B573AFFE376D32FE22F5BCB453A9AB7918F74EED3AD042D0D4EE3B88149FB2B
mode1_rov	3EYE/3ROV3PCT.CCS	4C500BF8EACD3C1D6236EC7A9539774D2ABCDA5D91A8B347E4FACAB22CAEA7A8	C3860C7238B72DAE43D50D20CC70BBC788672986FCC0C1C3D825A6262B50FFF4
mode1_row	3EYE/3ROW3PCT.CCS	37874E9B8787A2653F04430CFA08CBB1F7FC691BA2093F2DB1CBFDB59FBA8720	C838862A502AC637F65AA86BBD20D1B75F7A0B80D41697E92326D1A15AC4F60D
mode1_sai	3EYE/3SAI3PCT.CCS	671860F9FCD7C2A8107CB817FB7E4357B948EE885633A2E08CC18967021831C1	EDF5DDFA7AE20293AF597EFAA8853F0973BF7C3157BA1C72392794A6790588F8
mode1_sch	3EYE/3SCH3PCT.CCS	94208A71A3F4A63365F1E2DA4EBB701129328296C5813C81AD65B54452653064	3297CAD8ABAA05A0B6EA7053B83E4C2D10939409BC897B5511D4908CFFC3BC00
mode1_sco	3EYE/3SCO3PCT.CCS	AEF5234FA9B59DA2274654A2484E9EF1BA61674FFA6A1ED4498036EB8AB46B50	B8E1032E8A3AC0C4BE53C4E0CB396AEB15E5415A3AEA80ACDFEE6C8F3174A212
mode1_scv	3EYE/3SCV3PCT.CCS	34AC0EE80E194D0AFE5C87E36E6DA4278171CF519C87E09EEAEAFC616857326E	10C82A3A4FAE281E0FA1BCE0EB464DABFE4C02D4A091517EFF28B6FF55294D68
mode1_sec	3EYE/3SEC3PCT.CCS	B425674502FE04FDF15594EDB5364EDD11EB072337A78F3E59535560739BA596	824D9832D59B22E6BDE330CBC818F4B01353DADB90E0934D8F514300B72C6D35
mode1_sik	3EYE/3SIK3PCT.CCS	6A63BD23881F11ECC5573B999B48E024B5960CDF7EE97448A14C9108C682D118	1034A523368CD5A4E9163A2761602C0B2747B88107D619A868E27FE390D6B89F
mode1_sin	3EYE/3SIN3PCT.CCS	A0500C8B780965B1D121C1B15F4A42A3CC5CD56F4AAEBD99DBBCFB48DE4BBACB	EE14A29E3372060C02A74CC0A9C0C09C254CD85B4C0316917E13BEABFA403F54
mode1_siw	3EYE/3SIW3PCT.CCS	72D9A76007E0D0B059C85A57B0AC284A960682497057347008298B57545C01D4	F31A63D435796D642F59E3E5E6A8C31FF744880D629DE5EA480C1841E943281F
mode1_skn	3EYE/3SKN3PCT.CCS	2BFE5B4EF601F06057D5F56D73D92A8F10DBDEC95B9A08CB7E92B4D0F2F7977C	3618E055EBF19B2A48C1657955A8E6539AE9C96BB486BBA8EAD7AE217E14B722
mode1_skr	3EYE/3SKR3PCT.CCS	ED3AF55BB485A980EBF7A45E7AC2F7BF2B36ADBDED7F100CDA7A511949DFEC9B	8215A984E34EC3529E1A044D716E199E6564AF7295499887F469B8D4A7E6B840
mode1_skv	3EYE/3SKV3PCT.CCS	A989CD08865E9B4FEE52E81592F878942D5359F484C62EA6335EA5F3E84AEDA5	7C4EF4B9E14DEDA63E264D2928565B862071F0D61B9B117AEE16882EC127BDBF
mode1_skw	3EYE/3SKW3PCT.CCS	9470F51CA9FE438FDB6380DB1AF9E4F0BD1806788E542691EFEEBD3F9C2070A6	62D8A078BD74EB3CE605FE39729596F6CFE1A940422D420AC7445E67C1D06F5A
mode1_snw	3EYE/3SNW3PCT.CCS	58F003637B46D8E2FBB39BB77C9B822C988580443B629CD8836C41BA0B7CAA5A	3CFC96B7C424E03A99974BA42B4B7AB52502CF70DAE0EE0CE19C2BAEF938100A
mode1_ssk	3EYE/3SSK3PCT.CCS	9F4DDC611090BC65A263EE853D0A734C949C8A654D7C279C88BAB0550B1104D4	0C2C17EFAAAE85D90531BCE6A76E183366374E9C0E67568565D6F414295B42FA
mode1_ssv	3EYE/3SSV3PCT.CCS	4E677DA762FE7C1AC05CC8319E2633D13D8B3177D83A8FCF52CF7F6D2D807131	123791FC6065AF7CBB3D9113F78610A8ACFF6862819135B4E4A2661DE3A57CD3
mode1_ssw	3EYE/3SSW3PCT.CCS	DEB3E326D9C2CC74C22AC834E1CDAADD2E3DE5EBA50C263CE73F0C790733AEBF	33C7EBE17C32E9081EDAE4241BF4A84E032B84D7FB27C12C0560039979147F69
mode1_szw	3EYE/3SZW3PCT.CCS	DE2A9715A5B077FD59766F19EAE9B4F07C226FC38F86FC1108AC592E80EFD4F9	69D983A8838058763044CCA9FCE2C5AF5B2BBD511E99C15D5D9CA698908516BD
mode1_ten	3EYE/3TEN3PCT.CCS	19598D1A86F4ED2A6D3C41DB8FD1F863D5D550DAACA1FBF135E8DF72675F7935	3E3E977613AC904B9CE14C6579DDEEE8676AC8B0010EA47699BFF3B57D5A2F10
mode1_tew	3EYE/3TEW3PCT.CCS	5E30B8DB0A21598CDEFE2F7B55280EE09C2A2ADEFC104BBBE8667479BA7E51FC	E4A5136D153162BDEA779C52BD1143DA87F69E6A189DBA9EE5E7B951E33A91B4
mode1_tmr	3EYE/3TMR3PCT.CCS	A2BB1685BC6A6462BB3D3C993E001FD94C74C1E1F07514085388AF52F5D7F797	FDD82CC2E731EA440F9E065370B9A2A59E4EA660B0F49353206692C9B512C6CC
mode1_tmw	3EYE/3TMW3PCT.CCS	521F85F1C4A95A9FDA812840F3B4DC38503735A6402E64A8E60639E4EA6E786C	7C5026014D74E2CE4DC7A6308AE0C62133A908CA07F81E710A64C1C9584179C6
mode1_tnw	3EYE/3TNW3PCT.CCS	832232F6A1C1FA2C8862691E22C8D371D01A9CBDEFAAE7130761358AFD70B60C	11CC84352F43D6EE734D5C63FDA7F12E75697BE29A1955860B05DBDC62912FF4
mode1_tov	3EYE/3TOV3PCT.CCS	71B1DFD102354E17C563AD3BB9E53814E1152508A3C7A96DA96135A343EBC326	98BBCE1424A7BC41993F57C940D1FE2FF950D4395EEEDB1EB254E61A75A726F3
mode1_tyo	3EYE/3TYO3PCT.CCS	77465808AAF01AF42E5AF75FC071FCE91E6B1796BFC73F2B8F2371B4690B75B8	7952B4989D864C9401CBCB594BF76DDADBAF7A87859262CEE2C92EDBB4DAF07F
mode1_tyv	3EYE/3TYV3PCT.CCS	A9848D1DF17002A262CDFA23FB027B4A8BBC292648FD72122CFAD58612DC47FA	0B18954D93B9F64CF51645F3915A84AC88E38F6347AC4CF0D5F8E7FF996DFD15
mode1_tyw	3EYE/3TYW3PCT.CCS	F50EB3604C2724260B98A1EA80AEF2B04C19A61FBC9D66138F0C26EA9F215EB7	0D73496D2DB55158EC32608124BBBDBF6255D4936E4137CEF752997CE0239983
mode1_tyy	3EYE/3TYY3PCT.CCS	E20CDB4994C084F8E09677E430DDD0F57BF27EEE19DC65057D8F9086D29E8CF8	4CA4A369BA26CCCB3A1A59293AA553773A9521C28AE5767C76ADBFC19E2C1024
mode1_ymt	3EYE/3YMT3PCT.CCS	EFEEECC20AF660CD00281FEE78571EB8D9EE0D8F9A4B65C817058CFF17BAA74B	B53B1919F9303420A853A15F62516077CDF97FF8B06E8112CFCD3C5C0B438F70
mode1_zbz	3EYE/3ZBZ3PCT.CCS	CF9CAD6EAA17BA7320C891DDEB9FAB7D3A2FE760092389B38F00809B12826557	9EDCCD66CCD8AE4282AA3D73DE56A72505E36C26CE740777D7C2B2DC941B6A00
mode2cmn	MODENAME/MODE2CMN.CCS	2D5996D59E5A7F0590BAD3DE9D06DE1A1BDAEAAD8B68D0392D7BF8C63568070D	D0124BA541C7F85D93EC593E3E2D5F566EE6D1336C0273A0656A7C19D986A490
mode2gav	MODENAME/MODE2GAV.CCS	051E82557C8F5FAC4354556C20E5E50B00D2093FC61F89E5FD0F6457F3DD550F	00309B47BDB6AB1AA2725C06CE24A03491224B2D471AE904FEF41574003C9F38
mode2jrv	MODENAME/MODE2JRV.CCS	2C33AEC1585B86E2A73BB315B723C7610E1E703C15E10F78E1D798A4E51DAF63	A6AFEF2F5D8A2B300CDE863CC006E02F756B4D8AD2733288618899300DE91F27
mode2kdv	MODENAME/MODE2KDV.CCS	7FF28EFECD0A1E0676BDA65230B9E03BB620FED418B12492A0DB7397AFB091F9	294F6D916EADA1E4C8051463B16482E8389D462876A99656A687D56B677513E6
mode2kmv	MODENAME/MODE2KMV.CCS	99730B0E8C0C767540A3E1D68DAA130E21E81405E105DF20B3768A8FF8475606	DD16A934736E04590DD96A3F755F095C72F27C3B68F1066EF49B8460D427D1BE
mode2nrv	MODENAME/MODE2NRV.CCS	B535C81D15E26CD4FE756F06B9A66A200FE98EDDBA1AFB59DE262526D79ADC2C	B51F466371C4A049D5466A66A7EBD25DCCF078915EC3AF53BBC9CC74063827C6
mode2nwv	MODENAME/MODE2NWV.CCS	158E2016C4D4D335D6E60B94CE9189B1AB7EDDE849B5CDB088E3717AEF568329	69E6F2440B00C7A390D810AD6566785FE74CD119F68285ACDAB1E005D03919C7
mode2rov	MODENAME/MODE2ROV.CCS	53728086D510C11592CF47D958E6C9AE7F5154480EC81916AB62F878B31F81CC	36B28BEC5787F1CE52C2D57C1640A05A6AD0EF282307E8B5CA78042CB7EAE106
mode2scv	MODENAME/MODE2SCV.CCS	0AA4378BFEAB3C6D929AAE18BE2124459884BA5E7C7D63903E9E48832DF49F03	E568BE4E0590F2424DD14D5716580E4EEB55E595E46011EFB8EA49D9CB123701
mode2skv	MODENAME/MODE2SKV.CCS	70B3869BF14C5FDA161CED778C550C28308A28AB90F360CD1A4E4BEEEEEDE3C3	C643B9F31F794255152471637A55CA9074A10AC119A138E64B3F70FF5DCF2647
mode2ssv	MODENAME/MODE2SSV.CCS	7860490740D9BA55B2B8299F2A2DFB11FDA085A765710709AD6D7B7A3C3D569B	755B7E801DB38E1A5C5C4980F1658B8E2A7202AD1C8709E96D92CD1AC457E183
mode2tov	MODENAME/MODE2TOV.CCS	7B2F7BD28B10CC782798583ADEAF6D8AB982259BEFA00C4BBB3DDBBD82C5E01B	17F47D2AA068BBF48890D2B0C623FC0E0351FFB599B07ADB66B994B21E2D0FE1
mode2tyv	MODENAME/MODE2TYV.CCS	C5203159653A31B631059A2E6F7A9CC485B40F72C221A674F13C0B43D0D565F1	BE9BB5C2EAA8A1D4EA4FA4A596309B06DBF4E765CEE9C979873CD86D18812B18
modesel1	MODESEL1.CCS	97F6808FFD42AEDBBF9DC83E34332C0643AFC86C5B09BBDC79328D336F350A81	052BEAF61C6089FCCFDBF9D4C144F9A14D9D7EA40E991CD49F3E44C0E9DB291A
n_rash	N_RASH.CCS	B244B505E4DB67E397F17527EC1D3324AE8401251DEFBF8D0067262B97ADB3E9	26673C4F16982627009A16A5911813B139DC0846AB7CFC1262CC3BFF5467FE15
n_rash2	N_RASH2.CCS	218D10D055A429858A82E5CE755BB2E746A6B1179B1C402181022B5E7A268438	F7055F7359EF3BCD3B075C9AFC9B31826D60B34D4DC36B830012E61E4C0534CD
n_rash4	N_RASH4.CCS	97F0EDB0AA3A6983C929C255C57AA76DB92F1CD740785D07D5A3788B3F2ADB25	4CA5F958ECCFAE5062235DA6A67E46608FF7AA98B414283D5048700C2FD18453
ninmu	NINMU.CCS	DCFE4CC1AE266BAD7249E83EA27286232B03E7DC79A74685B7E82C39665A2237	3171B420FEB073BAB63691826BD634A615A396B5B86A7348A2A87EE4BF689475
option	OPTION.CCS	EBB1D875375061F8A796B10E0B2817E8E5CF86D52EC8C1C435CB25052236679C	2CEBFF747B622920098CAF175BC675495486607D09769D09C7604B40E469887C
ougi	OUGI.CCS	FCAF8200CAC2820534AC3177A3D80504C2C91F2B8EEF3D0E27477206E3B78EBE	EB8E8B41054C4B4E48BE8849936F9506CB25EB155C22FFDDD3512D78A4FD3E2A
prac	PRAC.CCS	83F623EF8BB2FED347D467A9D5F8B7034CB3B48FEF262366FF1EFEF12A4FAA8E	43B2ED4FCE7121987CC4DE071FFDB3FCBBAB5B1E226BF3264A44898B8F550909
setting	SETTING.CCS	3AA4927CB8ECCEAC8521F78192C4823723EC4D27B7955C07BB48B6AAD269BDF7	98D96EAB2C0AB42AB40E53BAE51D79F7DF497DBEA8447487219309D705FC8FDC
spbattle	SPBATTLE.CCS	90E13986DE1680C8305A3018E6D5702E83D1D0271007423E1226AB3AC55BDA2A	637EECA35BE67912C9EA23600E8C0141C63FE4D8F0A91499E8729BA5CF0D39AD
title	TITLE.CCS	4F87529278B703E78A8230E387AC88EBF6820FE0DD09722E56B2CDCA61A15726	C88F496D7F64F8C02A36464D1A8B40E9AA859A3CAEAC988B1AC01B7C1092BDB2
vs	VS.CCS	ACF5E790ADCBC2F1E44DBD9AF9721C008157B15CB9DE8238ECA6D0105123C45C	AF46F2065AC8C9E4D3E2D35C7019853BFA15EFC397E3CA1B9A891295C0F20358
xninka	XNINKA.CCS	DE2ADA4D3EAA54D8DE64DCDEDDEDB5CDB77A34145B8BD073A8E199B5136932E1	8711B898E44498A839C1AEC22F00E1C48B0AD6ACC5C83DE38714EA4752B2E249
