edit_id	patch_id	order	target_id	offset	expected_hex	replacement_hex	relocation_offset	symbol	encoding	addend	reason
font_renderer_metrics_01	font_renderer_metrics	10	na2_elf	0x893EC	040060C640000146	0000000000000000	0	localization.font.plain_space	j26	0	Route ordinary ASCII spaces through the resident shared NUN5 eight-unit scaled advance.
font_renderer_metrics_02	font_renderer_metrics	20	na2_elf	0x88704	400060C640080046	0000000000000000	0	localization.font.newline_advance	j26	0	Route shared multiline UI through the resident NUN5 newline advance.
font_controls_auto_fit_01	font_controls_auto_fit	10	na2_elf	0x88070	400D0046200020C6	000000006000023C	0	localization.font.scale_advance	j26	0	Route normal glyph right-edge geometry through the resident horizontal-scale helper while preserving the delay slot.
font_controls_auto_fit_02	font_controls_auto_fit	20	na2_elf	0x88B7C	1C1003461C0060E6	000000006000023C	0	localization.font.scale_advance	j26	24	Route inline-markup half-space advance through the resident horizontal-scale helper while preserving the delay slot.
font_controls_auto_fit_03	font_controls_auto_fit	30	na2_elf	0x897D8	400002461C0060C6	000000006000023C	0	localization.font.scale_advance	j26	44	Route ordinary glyph advance through the resident horizontal-scale helper while preserving the delay slot.
font_controls_auto_fit_04	font_controls_auto_fit	40	na2_elf	0x288848	90E40D0C00000000D641023C66664234000082440000000000A50046	000000000000000090E40D0C00000000803F023C8CC982AF00000000	0	localization.font.controls_fit	jal26	0	Fit only the first eight Controls action labels through the resident shared-width wrapper, then restore local scale.
font_layout_wrappers_01	font_layout_wrappers	10	na2_elf	0x279250	C0FFBD273000BFFF	0000000000000000	0	localization.font.selected_helper	j26	0	Route the shared selected confirmation-choice primitive through the resident caller-guarded mapper.
font_layout_wrappers_02	font_layout_wrappers	20	na2_elf	0x279B20	A0FFBD274000BFFF	0000000000000000	0	localization.font.ui_helper	j26	0	Route the shared UI wrapper through resident caller and outer-caller guards using stack-local transient state.
font_v2_layout_core_01	font_v2_layout_core	10	na2_elf	0x893EC	040060C640000146	0000000000000000	0	localization.font.v2.plain_space	j26	0	Route ordinary ASCII-space advance through the v2 session guard; a null session reproduces the two displaced NA2 instructions.
font_v2_layout_core_02	font_v2_layout_core	20	na2_elf	0x88704	400060C640080046	0000000000000000	0	localization.font.v2.newline_advance	j26	0	Route newline advance through the v2 session guard; a null session reproduces the two displaced NA2 instructions.
font_v2_layout_core_03	font_v2_layout_core	30	na2_elf	0x88070	400D0046200020C6	0000000000000000	0	localization.font.v2.right_edge	j26	0	Route normal glyph right-edge geometry through the v2 session guard without changing the unscaled vertical edge.
font_v2_layout_core_04	font_v2_layout_core	40	na2_elf	0x88B7C	1C1003461C0060E6	0000000000000000	0	localization.font.v2.half_space	j26	0	Route inline-markup half-space advance through the v2 session guard while preserving the original accumulator and store when inactive.
font_v2_layout_core_05	font_v2_layout_core	50	na2_elf	0x897D8	400002461C0060C6	0000000000000000	0	localization.font.v2.glyph_advance	j26	0	Route ordinary glyph advance through the v2 session guard; a null session reproduces the displaced add and coordinate load.
font_v2_controls_01	font_v2_controls	10	na2_elf	0x288848	90E40D0C00000000	0000000000000000	0	localization.font.v2.controls_adapter	jal26	0	Replace the shared first-eight-label Controls draw call with the v2 128-unit boxed adapter.
font_v2_titles_01	font_v2_titles	10	na2_btl	0x1C6A28	C4080E0C00000000	0000000000000000	0	localization.font.v2.command_title_entry	jal26	0	Route only the Command Chart title draw through the shared v2 title adapter; the two following auxiliary-string draws remain native.
font_v2_titles_02	font_v2_titles	20	na2_btl	0x1C4B98	C4080E0C00000000	0000000000000000	0	localization.font.v2.practice_title_entry	jal26	0	Route only the Practice command-title draw through the shared v2 title adapter; the later explanation loop remains native.
font_v2_pause_controls_list_01	font_v2_pause_controls_list	10	na2_btl	0x1C97D8	1C090E0C00000000	0000000000000000	0	localization.font.v2.pause_list_adapter	jal26	0	Route only the Pause Controls list-row draw through the v2 216-unit shrink-only adapter with the retained four-unit NUN5 Y correction.
font_v2_pause_controls_list_02	font_v2_pause_controls_list	20	na2_btl	0x1C9794	E8090E0C00000000	0000000000000000	0	localization.font.v2.pause_list_selected_adapter	jal26	0	Route the selected Pause Controls row through the same 216-unit shrink-only box, retaining its native red style while compensating the selected helper by two X units and the shared NUN5 Y correction.
font_v2_quit_confirmation_01	font_v2_quit_confirmation	10	na2_btl	0x1C4048	800D0E0C00000000	0000000000000000	0	localization.font.v2.quit_choices_scope	jal26	0	Publish the transient ss4 scope only around the native Battle quit Yes/No list draw.
font_v2_quit_confirmation_02	font_v2_quit_confirmation	20	na2_btl	0x1C407C	6C090E0C00000000	0000000000000000	0	localization.font.v2.quit_body_adapter	jal26	0	Copy and wrap the exact ss4 confirmation body at draw time without changing canonical mappings or the source buffer.
font_v2_quit_confirmation_03	font_v2_quit_confirmation	30	na2_elf	0x283914	54E40D0C00000000	0000000000000000	0	localization.font.v2.quit_selected_adapter	jal26	0	Map selected Yes or No while the exact ss4 scope is active, or the exact Special Controls ON pointer outside it; every other selected row remains native.
font_v2_quit_confirmation_04	font_v2_quit_confirmation	40	na2_elf	0x283A60	88E60D0C00000000	0000000000000000	0	localization.font.v2.quit_unselected_adapter	jal26	0	Temporarily map unselected Yes or No while the exact ss4 scope is active, or the exact Special Controls OFF pointer outside it, then restore native coordinates.
font_v2_practice_explanations_01	font_v2_practice_explanations	10	na2_btl	0x1C4BA0	0042023C00A882440000000000AD16462D8800008400001000000000	2128000206B300464804868E00000000212080028900001000000000	0xC	localization.font.v2.practice_adapter	jal26	0	Route every Practice explanation row through one bounded NUN5-equivalent mixed text/icon wrapping call and skip the superseded per-token loop.
font_ninja_song_ascii_numbers_01	font_ninja_song_ascii_numbers	10	na2_btl	0x64B28	44E10D0C	00000000	0	localization.font.ninja_song_ascii_number	jal26	0	Render the left Ninja Song arithmetic factor as right-aligned ASCII width 3.
font_ninja_song_ascii_numbers_02	font_ninja_song_ascii_numbers	20	na2_btl	0x64BA8	44E10D0C	00000000	0	localization.font.ninja_song_ascii_number	jal26	0	Render the right Ninja Song arithmetic factor as right-aligned ASCII width 3.
font_ninja_song_ascii_numbers_03	font_ninja_song_ascii_numbers	30	na2_btl	0x64CE4	44E10D0C	00000000	0	localization.font.ninja_song_ascii_number	jal26	0	Render the Ninja Song arithmetic total as right-aligned ASCII width 5.
font_ninja_song_ascii_numbers_04	font_ninja_song_ascii_numbers	40	na2_btl	0x64E4C	44E10D0C	00000000	0	localization.font.ninja_song_ascii_number	jal26	0	Render the Ninja Song label placeholder as unpadded ASCII decimal.
font_ninja_song_ascii_numbers_05	font_ninja_song_ascii_numbers	50	na2_btl	0x64ED4	44E10D0C	00000000	0	localization.font.ninja_song_ascii_number	jal26	0	Render the Ninja Song detail score as right-aligned ASCII width 4.
