patch_id	group_id	enabled	status	confidence	name	description	source_mapping_id	runtime_classification	review_notes
font_renderer_metrics	auto_fit	0	runtime_proven	high	Resident shared NUN5 text metrics	Route ASCII spaces, newlines, and pure-ASCII proportional measurement through the accepted shared NUN5 metric logic.	NUN5-SHARED-TEXT-METRICS-PORT	Guarded NUN5 probes measured Command Chart denominators 142, 115, and 440; the linked 95-entry table reproduces all three exactly, and a fresh worker build retains the resident behavior.	Tagged, multiline, and non-ASCII input retains the legacy path with the proven ordinary-space correction.
font_controls_auto_fit	auto_fit	0	runtime_proven	high	Resident Controls shrink-only auto-fit	Route the accepted Controls fit wrapper and shared horizontal-scale paths through the shared resident payload.	NUN5-BOXED-FIT-SHARED-METRICS	A fresh worker build survived title-to-Load transitions; ten converted states retained the accepted fit behavior after the scale entrypoints were linked at addends 0x0, 0x18, and 0x2C.	The static scale word and Controls-only alignment edits remain declarative binary-patcher inputs.
font_layout_wrappers	alignment	0	runtime_proven	high	Resident shared NUN5 layout wrappers	Route the accepted selected and unselected shared layout wrappers through resident code with stack-local transient state.	NUN5-SHARED-LAYOUT-WRAPPERS	Matched worker captures prove the distinct 288-unit Command Chart and 352-unit Practice title containers share one shrink-only fit while retaining the accepted Practice and confirmation layouts.	Exact outer-caller guards isolate title rows from the still-separate Practice explanation family.
font_v2_layout_core	auto_fit	1	runtime_proven	high	Resident v2 shared layout core	Provide independent NUN5-compatible printable-ASCII measurement, shrink-only fitting, box positioning, explicit line measurement, and session-guarded renderer hooks for accepted caller-family adapters.	NUN5-V2-SHARED-LAYOUT-CORE	Matched Controls review proves the generated core uses the accepted 95-entry metric table, never enlarges text, restores renderer state, and remains resident through a real title-to-Load transition.	The core is enabled with the accepted Controls caller; a null session still reproduces every displaced NA2 instruction and it does not target any retained v1 symbol.
font_v2_controls	auto_fit	1	runtime_proven	high	Resident v2 Controls boxed fit	Route only the first eight Controls action labels through the v2 128-unit NUN5 box while leaving the separate ON/OFF selector on NA2's ordinary renderer.	NUN5-V2-CONTROLS-BOXED-FIT	Matched 640x480 review proves all eight label bounds and centers, full-width Linked Attack, 128/178 Ultimate Jutsu Prep fitting, exact caller-center-minus-64 positioning, and complete transient-state restoration.	The user accepted the exact Controls result on 2026-07-26; the separate selector call remains native and supplied ss1 proves the worker ISO reaches a fully drawn Load screen.
font_v2_titles	auto_fit	1	runtime_proven	high	Resident v2 Command Chart and Practice title boxes	Route the two title-only BTL draw calls through one configurable v2 adapter with distinct 288-unit Command Chart and 352-unit Practice containers.	NUN5-V2-TITLE-BOXES	Matched hidden worker captures prove shrink-only fit and NUN5-aligned title origins in both modes; guarded BTL call sites isolate title rows from Practice explanations and Command Chart auxiliary strings.	The user accepted Command Chart on 2026-07-27; Practice title acceptance remains pending, and this title patch selects no Practice explanation or Command Chart auxiliary call.
font_v2_pause_controls_list	auto_fit	1	runtime_proven	high	Resident v2 Pause Controls list fit	Route both normal and selected Pause Controls rows through one shared 216-unit shrink-only box with the retained NUN5 four-unit Y correction.	NUN5-V2-PAUSE-CONTROLS-LIST	The exact BTL calls at files 0x1C97D8 and 0x1C9794 are isolated from the shared boot-ELF list helper; static guards and adapter tests preserve each native ABI, including the selected red style and proven two-unit selected-helper X compensation.	The user verified both the normal ss2 state and corrected selected ss3 state on 2026-07-27; no ss4 confirmation-body or Yes/No caller is selected.
font_v2_practice_explanations	auto_fit	1	runtime_proven	high	Resident v2 Practice explanation flow	Replace the per-token Practice explanation renderer with one NUN5-equivalent mixed text/icon buffer, unlimited word wrapping inside the 364x48 box, and call-local icon callbacks.	NUN5-V2-PRACTICE-EXPLANATIONS	Matched hidden captures across supplied Practice slots 2-7 prove NUN5-equivalent one-, two-, and three-line wrapping, line spacing, placement, and native D-pad, face, plus, and shoulder icons.	Controls and Command Chart regression captures remain intact; the composed NUN5-left/current-right Practice grids await user acceptance before the next caller family begins.
font_ninja_song_ascii_numbers	battle_ui	1	runtime_proven	high	Ninja Song ASCII dynamic numbers	Route all five dynamic Ninja Song decimal fields through one NUN5-compatible ASCII formatter while preserving each caller's width and padding mode.	NUN5-NINJA-SONG-ASCII-NUMBERS	The user built and tested the integrated fix across Ninja Song ss2–ss5 and declared the task done; static guards prove all five dynamic fields share the same formatter helper.	The canonical T2195 ASCII multiplication separator remains reachable and correct; unseen decimal values use the same width-aware helper rather than separate string mappings.
