patch_id	group_id	enabled	status	confidence	name	description	evidence_id	review_notes
ELF-Q001	startup	1	runtime_proven	verified	Skip CC2 intro	Skip the CyberConnect2 intro.	pnach_intro_skips	Runtime: Runtime-proven in PNACH and confirmed after static migration. | Exact file-backed conversion.
ELF-Q005	startup	0	runtime_proven	verified	Skip opening	Skip the opening sequence.	pnach_intro_skips	Runtime: Runtime-proven in PNACH and confirmed after static migration. | Disabled so ELF-Q009 can play the native opening during startup loading.
ELF-Q009	startup	1	approved_for_test	high	Opening movie then main menu	Skip the notice, Bandai Namco, Bandai, and CRIWARE splash screens; play the native opening while startup loading continues, then bypass the title and enter the native main-menu path.	startup_splash_controller	Static and savestate-memory evidence identifies the splash, loader, opening, title, and native post-Start state transitions; integrated runtime validation remains pending.
ELF-Q002	practice	1	runtime_proven	verified	Voice off by default	Start Practice with voice disabled.	pnach_practice_qol	Runtime: Runtime-proven in PNACH and confirmed after static migration. | Exact file-backed conversion.
ELF-Q006	practice	1	runtime_proven	verified	Support off by default	Start Practice with support disabled.	pnach_practice_qol	Runtime: Runtime-proven in PNACH and confirmed after static migration. | Exact file-backed conversion.
ELF-Q007	practice	1	runtime_proven	verified	Command display off by default	Start Practice with command display disabled.	pnach_practice_qol	Runtime: Runtime-proven in PNACH and confirmed after static migration. | Exact file-backed conversion.
ELF-Q003	practice	1	runtime_proven	verified	Simple display off	Simple-display default control.	pnach_simple_display	Runtime: Runtime-proven in PNACH and confirmed after static migration. | Exact file-backed conversion.
ELF-Q004	mode_select	1	runtime_proven	verified	Remove Adventure mode	Omit Adventure from Mode Select using the NUN6 negative availability sentinel.	nun6_adventure_mode_omission	Runtime: Runtime-proven in the integrated Current ISO: Adventure is absent and the remaining modes work normally. | NUN6 also omits entries 4 and 5; this patch deliberately ports only Adventure at entry 0.
ELF-Q008	mode_select	1	approved_for_test	high	Remove Shop	Omit Shop from Mode Select using the same negative availability sentinel as the Adventure omission.	na2_shop_mode_omission	Shop is entry 4 of the same seven-entry table; the canonical Restore Shop cheat writes its original value 5 back at runtime.
