column	required	type	description
patch_id	1	identifier	Atomic patch identifier.
group_id	1	identifier	Declared organizational group containing the patch.
enabled	1	boolean:0|1	Normal-composition patch switch; allowed only for approved_for_test or runtime_proven patches.
status	1	enum:pending|approved_for_test|runtime_proven|runtime_failed|deprecated	Review/runtime state.
confidence	1	enum:high|medium|low|verified	Analytical confidence.
name	1	string	Short human-readable name.
description	1	string	Scope or likely runtime location.
evidence_id	0	identifier	Stable analytical or provenance identifier.
review_notes	0	string	Ambiguity and review notes; never executable.
